[
    {
        "id": "1",
        "titulo": "Lámpara de uñas de 120 W",
        "imagen": "https://m.media-amazon.com/images/I/61iCeLW5GkL._AC_SL1500_.jpg",
        "categoria": {
            "nombre": "Belleza",
            "id": "Belleza"
        },
        "precio": 479.99
    },
    {
        "id": "2",
        "titulo": "Lámpara Cure Uv/led 48w",
        "imagen": "https://http2.mlstatic.com/D_NQ_NP_2X_840364-MLM54974223328_042023-F.webp",
        "categoria": {
            "nombre": "Belleza",
            "id": "Belleza"
        },
        "precio":  2002.80
    },
    {
        "id": "3",
        "titulo": "Silla Faciales Lashista",
        "imagen": "https://http2.mlstatic.com/D_NQ_NP_2X_902200-MLM52272913609_112022-F.webp",
        "categoria": {
            "nombre": "Belleza",
            "id": "Belleza"
        },
        "precio":  4700.00 
    },
    {
        "id": "4",
        "titulo": "Sillon Barbero Peluqueria",
        "imagen": "https://http2.mlstatic.com/D_NQ_NP_2X_996501-MLM50584611161_072022-F.webp",
        "categoria": {
            "nombre": "Belleza",
            "id": "Belleza"
        },
        "precio": 9000.00
    },
    {
        "id": "5",
        "titulo": "Cama Plegable De Masajes",
        "imagen": "https://http2.mlstatic.com/D_NQ_NP_2X_976804-MLM47694236732_092021-F.webp",
        "categoria": {
            "nombre": "Belleza",
            "id": "Belleza"
        },
        "precio":  5500.00 
    },
    {
        "id": "6",
        "titulo": "Cama Para Faciales",
        "imagen": "https://http2.mlstatic.com/D_NQ_NP_2X_617514-MLM54273601923_032023-F.webp",
        "categoria": {
            "nombre": "Belleza",
            "id": "Belleza"
        },
        "precio": 8000.00
    },
    {
        "id": "7",
        "titulo": "Aro Luz Led",
        "imagen": "https://http2.mlstatic.com/D_NQ_NP_2X_653654-MLM52821646107_122022-F.webp",
        "categoria": {
            "nombre": "Belleza",
            "id": "Belleza"
        },
        "precio": 2400.00
    },
    {
        "id": "8",
        "titulo": "Lámpara Para Pestaña",
        "imagen": "https://http2.mlstatic.com/D_NQ_NP_2X_775245-CBT51869811428_102022-F.webp",
        "categoria": {
            "nombre": "Belleza",
            "id": "Belleza"
        },
        "precio": 3522.00
    },
    {
        "id": "9",
        "titulo": "Pulidor Esmeril Taladro De Uñas Con Pedal",
        "imagen": "https://http2.mlstatic.com/D_NQ_NP_2X_630436-CBT48464093640_122021-F.webp",
        "categoria": {
            "nombre": "Belleza",
            "id": "Belleza"
        },
        "precio": 3000.00
    },
    {
        "id": "10",
        "titulo": "Depiladora Permanente Láser",
        "imagen": "https://http2.mlstatic.com/D_NQ_NP_2X_813729-CBT49416204938_032022-F.webp",
        "categoria": {
            "nombre": "Belleza",
            "id": "Belleza"
        },
        "precio": 1700.00
    },
    {
        "id": "11",
        "titulo": "Secadora de cabello Revlon",
        "imagen": "https://http2.mlstatic.com/D_NQ_NP_2X_932465-MLA52223901178_102022-F.webp",
        "categoria": {
            "nombre": "Belleza",
            "id": "Belleza"
        },
        "precio": 1100.00
    },
    {
        "id": "12",
        "titulo": "Plancha Para Cabello",
        "imagen": "https://http2.mlstatic.com/D_NQ_NP_2X_837565-MLM53927396951_022023-F.webp",
        "categoria": {
            "nombre": "Belleza",
            "id": "Belleza"
        },
        "precio": 1678.80
    },
    {
        "id": "13",
        "titulo": "Rizadora Cabello Revlon",
        "imagen": "https://http2.mlstatic.com/D_NQ_NP_2X_845466-MLM53112136297_122022-F.webp",
        "categoria": {
            "nombre": "Belleza",
            "id": "Belleza"
        },
        "precio": 500.00
    },
    {
        "id": "14",
        "titulo": "Máquina Para Cortar Cabello",
        "imagen": "https://http2.mlstatic.com/D_NQ_NP_2X_901293-MLM51943581302_102022-F.webp",
        "categoria": {
            "nombre": "Belleza",
            "id": "Belleza"
        },
        "precio": 108.00
    },
    {
        "id": "15",
        "titulo": "Rasuradora Kemei",
        "imagen": "https://http2.mlstatic.com/D_NQ_NP_2X_688442-MLA46372663258_062021-F.webp",
        "categoria": {
            "nombre": "Belleza",
            "id": "Belleza"
        },
        "precio": 691.20
    },
    {
        "id": "16",
        "titulo": "Máquina Cortapelo Wahl",
        "imagen": "https://http2.mlstatic.com/D_NQ_NP_2X_604882-MLM52386724923_112022-F.webp",
        "categoria": {
            "nombre": "Belleza",
            "id": "Belleza"
        },
        "precio": 3300.00
    },
    {
        "id": "17",
        "titulo": "Secador Cepillo",
        "imagen": "https://http2.mlstatic.com/D_NQ_NP_2X_798236-CBT47171267379_082021-F.webp",
        "categoria": {
            "nombre": "Belleza",
            "id": "Belleza"
        },
        "precio": 430.80
    },
    {
        "id": "18",
        "titulo": "Capa Cubridor Para Corte",
        "imagen": "https://http2.mlstatic.com/D_NQ_NP_2X_861303-MLM51506872626_092022-F.webp",
        "categoria": {
            "nombre": "Belleza",
            "id": "Belleza"
        },
        "precio": 118.80
    },
    {
        "id": "19",
        "titulo": "Calentadores De Cera",
        "imagen": "https://http2.mlstatic.com/D_NQ_NP_2X_812809-MLM51268333939_082022-F.webp",
        "categoria": {
            "nombre": "Belleza",
            "id": "Belleza"
        },
        "precio": 249.60
    },
    {
        "id": "20",
        "titulo": "Rizadora De Cabello 3 Tubos",
        "imagen": "https://http2.mlstatic.com/D_NQ_NP_2X_867874-CBT51460870373_092022-F.webp",
        "categoria": {
            "nombre": "Belleza",
            "id": "Belleza"
        },
        "precio": 400.00
    },
    {
        "id": "21",
        "titulo": "Hielera",
        "imagen": "https://http2.mlstatic.com/D_NQ_NP_2X_929505-MLM69139221418_042023-F.webp",
        "categoria": {
            "nombre": "Cocina",
            "id": "Cocina"
        },
        "precio": 1300.00
    },
    {
        "id": "22",
        "titulo": "Batería De Cocina Ekco",
        "imagen": "https://http2.mlstatic.com/D_NQ_NP_2X_691781-MLA51607565565_092022-F.webp",
        "categoria": {
            "nombre": "Cocina",
            "id": "Cocina"
        },
        "precio": 2000.00
    },
    {
        "id": "23",
        "titulo": "Utensilios De Cocina",
        "imagen": "https://elektra.vtexassets.com/arquivos/ids/2562515-1200-auto?v=637334468227270000&width=1200&height=auto&aspect=true",
        "categoria": {
            "nombre": "Cocina",
            "id": "Cocina"
        },
        "precio": 200.00
    },
    {
        "id": "24",
        "titulo": "Juego De Cubiertos De Acero Inoxidable",
        "imagen": "https://elektra.vtexassets.com/arquivos/ids/3154694-1200-1200?v=637619659549500000&width=1200&height=1200&aspect=true",
        "categoria": {
            "nombre": "Cocina",
            "id": "Cocina"
        },
        "precio": 320.00
    },
    {
        "id": "25",
        "titulo": "Juego Cuchillos Tramontina",
        "imagen": "https://http2.mlstatic.com/D_NQ_NP_2X_636410-MLA45806967738_052021-F.webp",
        "categoria": {
            "nombre": "Cocina",
            "id": "Cocina"
        },
        "precio": 400.00
    },
    {
        "id": "26",
        "titulo": "Juego De Cuchillos 7 Pz",
        "imagen": "https://http2.mlstatic.com/D_NQ_NP_2X_978917-CBT48738438654_012022-F.webp",
        "categoria": {
            "nombre": "Cocina",
            "id": "Cocina"
        },
        "precio": 800.00
    },
    {
        "id": "27",
        "titulo": "Cazo Para Carnitas",
        "imagen": "https://http2.mlstatic.com/D_NQ_NP_2X_669606-MLM54130443287_032023-F.webp",
        "categoria": {
            "nombre": "Cocina",
            "id": "Cocina"
        },
        "precio": 479.99
    },
    {
        "id": "28",
        "titulo": "6 Barril Vitroleros",
        "imagen": "https://http2.mlstatic.com/D_NQ_NP_2X_816698-MLM50793467857_072022-F.webp",
        "categoria": {
            "nombre": "Cocina",
            "id": "Cocina"
        },
        "precio": 3000.00
    },
    {
        "id": "29",
        "titulo": "Horno De 4 Charolas",
        "imagen": "https://http2.mlstatic.com/D_NQ_NP_2X_877424-MLM31223625679_062019-F.webp",
        "categoria": {
            "nombre": "Cocina",
            "id": "Cocina"
        },
        "precio": 8338.80
    },
    {
        "id": "30",
        "titulo": "Juego de Sartenes Antiadherentes",
        "imagen": "https://i.linio.com/p/cae1b16b2f14faca36a956e0d07fc9f9-product.webp",
        "categoria": {
            "nombre": "Cocina",
            "id": "Cocina"
        },
        "precio": 1678.80
    },
    {
        "id": "31",
        "titulo": "Wafflera Belga",
        "imagen": "https://http2.mlstatic.com/D_NQ_NP_2X_738661-MLM51377803208_092022-F.webp",
        "categoria": {
            "nombre": "Cocina",
            "id": "Cocina"
        },
        "precio": 1400.00
    },
    {
        "id": "32",
        "titulo": "Freidora De Aire Weyon",
        "imagen": "https://http2.mlstatic.com/D_NQ_NP_2X_856263-CBT54966160708_042023-F.webp",
        "categoria": {
            "nombre": "Cocina",
            "id": "Cocina"
        },
        "precio": 1200.00
    },
    {
        "id": "33",
        "titulo": "Parrilla De Gas",
        "imagen": "https://http2.mlstatic.com/D_NQ_NP_2X_603843-MLA44445156877_122020-F.webp",
        "categoria": {
            "nombre": "Cocina",
            "id": "Cocina"
        },
        "precio": 4500.00
    },
    {
        "id": "34",
        "titulo": "Tanque De Gas",
        "imagen": "https://http2.mlstatic.com/D_NQ_NP_2X_867513-MLM52855134704_122022-F.webp",
        "categoria": {
            "nombre": "Cocina",
            "id": "Cocina"
        },
        "precio": 1600.00
    },
    {
        "id": "35",
        "titulo": "Guantes Para Cocina",
        "imagen": "https://http2.mlstatic.com/D_NQ_NP_2X_882535-CBT53238451585_012023-F.webp",
        "categoria": {
            "nombre": "Cocina",
            "id": "Cocina"
        },
        "precio": 166.80
    },
    {
        "id": "36",
        "titulo": "Guantes Para Cocina De Silicona",
        "imagen": "https://http2.mlstatic.com/D_NQ_NP_2X_784575-CBT50427352666_062022-F.webp",
        "categoria": {
            "nombre": "Cocina",
            "id": "Cocina"
        },
        "precio": 500.00
    },
    {
        "id": "37",
        "titulo": "Vaso Térmico Portátil De Acero",
        "imagen": "https://http2.mlstatic.com/D_NQ_NP_2X_787007-MLM52883388599_122022-F.webp",
        "categoria": {
            "nombre": "Cocina",
            "id": "Cocina"
        },
        "precio": 300.00
    },
    {
        "id": "38",
        "titulo": "Plato Redondo Plástico 25 Cms",
        "imagen": "https://http2.mlstatic.com/D_NQ_NP_2X_870860-MLM52549314765_112022-F.webp",
        "categoria": {
            "nombre": "Cocina",
            "id": "Cocina"
        },
        "precio": 69.60
    },
    {
        "id": "39",
        "titulo": "Kit Para Reposteria",
        "imagen": "https://http2.mlstatic.com/D_NQ_NP_2X_610581-CBT48667989148_122021-F.webp",
        "categoria": {
            "nombre": "Cocina",
            "id": "Cocina"
        },
        "precio": 1100.00
    },
    {
        "id": "40",
        "titulo": "Porta Charolas Salseras",
        "imagen": "https://http2.mlstatic.com/D_NQ_NP_2X_964882-MLM31234860375_062019-F.webp",
        "categoria": {
            "nombre": "Cocina",
            "id": "Cocina"
        },
        "precio": 4548.00
    },
    {
        "id": "41",
        "titulo": "Batidora De Inmersión",
        "imagen": "https://http2.mlstatic.com/D_NQ_NP_2X_984473-CBT52462600703_112022-F.webp",
        "categoria": {
            "nombre": "Electrodomesticos",
            "id": "Electrodomesticos"
        },
        "precio": 380.00
    },
    {
        "id": "42",
        "titulo": "Extractor Turmix",
        "imagen": "https://http2.mlstatic.com/D_NQ_NP_2X_681889-MLM52899107356_122022-F.webp",
        "categoria": {
            "nombre": "Electrodomesticos",
            "id": "Electrodomesticos"
        },
        "precio": 3198.99
    },
    {
        "id": "43",
        "titulo": "Licuadora Para Cocina Lagom",
        "imagen": "https://http2.mlstatic.com/D_NQ_NP_2X_740209-MLM50171029243_062022-F.webp",
        "categoria": {
            "nombre": "Electrodomesticos",
            "id": "Electrodomesticos"
        },
        "precio": 2700.00
    },
    {
        "id": "44",
        "titulo": "Licuadora De Inmersión Portátil",
        "imagen": "https://http2.mlstatic.com/D_NQ_NP_2X_663730-CBT51644746919_092022-F.webp",
        "categoria": {
            "nombre": "Electrodomesticos",
            "id": "Electrodomesticos"
        },
        "precio": 1300.00
    },
    {
        "id": "45",
        "titulo": "Máquina De Mini Donas Brentwood",
        "imagen": "https://http2.mlstatic.com/D_NQ_NP_2X_845856-MLM54692116160_032023-F.webp",
        "categoria": {
            "nombre": "Electrodomesticos",
            "id": "Electrodomesticos"
        },
        "precio": 1257.60
    },
    {
        "id": "46",
        "titulo": "Freidora Aceite Eléctrica Hamilton",
        "imagen": "https://elektra.vtexassets.com/arquivos/ids/3362673-1200-auto?v=637831397254170000&width=1200&height=auto&aspect=true",
        "categoria": {
            "nombre": "Electrodomesticos",
            "id": "Electrodomesticos"
        },
        "precio": 3110.40
    },
    {
        "id": "47",
        "titulo": "Licuadora Ninja Professional",
        "imagen": "https://http2.mlstatic.com/D_NQ_NP_2X_704344-MLA51841980092_102022-F.webp",
        "categoria": {
            "nombre": "Electrodomesticos",
            "id": "Electrodomesticos"
        },
        "precio": 3900.00
    },
    {
        "id": "48",
        "titulo": "Licuadora Infinyforce",
        "imagen": "https://http2.mlstatic.com/D_NQ_NP_2X_617381-MLM53009471732_122022-F.webp",
        "categoria": {
            "nombre": "Electrodomesticos",
            "id": "Electrodomesticos"
        },
        "precio": 900.00
    },
    {
        "id": "49",
        "titulo": "Freidora De Aire",
        "imagen": "https://http2.mlstatic.com/D_NQ_NP_2X_834180-CBT54254630557_032023-F.webp",
        "categoria": {
            "nombre": "Electrodomesticos",
            "id": "Electrodomesticos"
        },
        "precio": 4700.00
    },
    {
        "id": "50",
        "titulo": "Lavadora Midea Doble Tina",
        "imagen": "https://http2.mlstatic.com/D_NQ_NP_2X_928744-MLU54965238025_042023-F.webp",
        "categoria": {
            "nombre": "Electrodomesticos",
            "id": "Electrodomesticos"
        },
        "precio": 5810.40
    },
    {
        "id": "51",
        "titulo": "Laminadora Enmicadora",
        "imagen": "https://http2.mlstatic.com/D_NQ_NP_2X_877194-CBT48788528981_012022-F.webp",
        "categoria": {
            "nombre": "Electrodomesticos",
            "id": "Electrodomesticos"
        },
        "precio": 890.00
    },
    {
        "id": "52",
        "titulo": "Enmicadora Termica Laminadora",
        "imagen": "https://elektra.vtexassets.com/arquivos/ids/3356507-1200-auto?v=637825292220470000&width=1200&height=auto&aspect=true",
        "categoria": {
            "nombre": "Electrodomesticos",
            "id": "Electrodomesticos"
        },
        "precio": 1079.00
    },
    {
        "id": "53",
        "titulo": "Maquina Coser Singer",
        "imagen": "https://elektra.vtexassets.com/arquivos/ids/3584190-1200-1200?v=638016199943930000&width=1200&height=1200&aspect=true",
        "categoria": {
            "nombre": "Electrodomesticos",
            "id": "Electrodomesticos"
        },
        "precio": 4798.80
    },
    {
        "id": "54",
        "titulo": "Horno de Microondas LG",
        "imagen": "https://elektra.vtexassets.com/arquivos/ids/2964108-1200-1200?v=637528297418670000&width=1200&height=1200&aspect=true",
        "categoria": {
            "nombre": "Electrodomesticos",
            "id": "Electrodomesticos"
        },
        "precio": 3359.00
    },
    {
        "id": "55",
        "titulo": "Freidora De Aceite Eléctrica",
        "imagen": "https://http2.mlstatic.com/D_NQ_NP_2X_781268-CBT53093895258_122022-F.webp",
        "categoria": {
            "nombre": "Electrodomesticos",
            "id": "Electrodomesticos"
        },
        "precio": 2200.00
    },
    {
        "id": "56",
        "titulo": "Refrigerador Samsung",
        "imagen": "https://http2.mlstatic.com/D_NQ_NP_2X_882619-MLA52218289407_102022-F.webp",
        "categoria": {
            "nombre": "Electrodomesticos",
            "id": "Electrodomesticos"
        },
        "precio": 11599.00
    },
    {
        "id": "57",
        "titulo": "Refrigerador Mabe",
        "imagen": "https://elektra.vtexassets.com/arquivos/ids/3722045-1200-1200?v=638080106959530000&width=1200&height=1200&aspect=true",
        "categoria": {
            "nombre": "Electrodomesticos",
            "id": "Electrodomesticos"
        },
        "precio": 11999.00
    },
    {
        "id": "58",
        "titulo": "Enfriador De Aire Acondicionado",
        "imagen": "https://http2.mlstatic.com/D_NQ_NP_2X_993058-MLM54418975055_032023-F.webp",
        "categoria": {
            "nombre": "Electrodomesticos",
            "id": "Electrodomesticos"
        },
        "precio": 789.00
    },
    {
        "id": "59",
        "titulo": "Parrilla de Mesa a Gas LP",
        "imagen": "https://elektra.vtexassets.com/arquivos/ids/2038661-1200-auto?v=636996700902530000&width=1200&height=auto&aspect=true",
        "categoria": {
            "nombre": "Electrodomesticos",
            "id": "Electrodomesticos"
        },
        "precio": 418.80
    },
    {
        "id": "60",
        "titulo": "Freidora De Aire Weyon",
        "imagen": "https://http2.mlstatic.com/D_NQ_NP_2X_856263-CBT54966160708_042023-F.webp",
        "categoria": {
            "nombre": "Electrodomesticos",
            "id": "Electrodomesticos"
        },
        "precio": 1399.00
    },
    {
        "id": "61",
        "titulo": "Laptop HP 14-cf2540la",
        "imagen": "https://officemax.vteximg.com.br/arquivos/ids/1355633-1150-1150/112788_1.jpg?v=638158875843070000",
        "categoria": {
            "nombre": "Electronica",
            "id": "Electronica"
        },
        "precio": 9600.00
    },
    {
        "id": "62",
        "titulo": "Laptop Lenovo Ideapad 3 Intel",
        "imagen": "https://http2.mlstatic.com/D_NQ_NP_2X_615042-MLM54052648356_022023-F.webp",
        "categoria": {
            "nombre": "Electronica",
            "id": "Electronica"
        },
        "precio": 8000.00
    },
    {
        "id": "63",
        "titulo": "Multifuncional HP",
        "imagen": "https://officemax.vteximg.com.br/arquivos/ids/1353064-720-720/103325_1.jpg?v=638158859245000000",
        "categoria": {
            "nombre": "Electronica",
            "id": "Electronica"
        },
        "precio": 5000.00
    },
    {
        "id": "64",
        "titulo": "Tablet Samsung Galaxy",
        "imagen": "https://http2.mlstatic.com/D_NQ_NP_2X_783986-MLA47146625905_082021-F.webp",
        "categoria": {
            "nombre": "Electronica",
            "id": "Electronica"
        },
        "precio": 4200.00
    },
    {
        "id": "65",
        "titulo": "Xiaomi Redmi 10C Dual",
        "imagen": "https://http2.mlstatic.com/D_NQ_NP_2X_712361-MLA50342739146_062022-F.webp",
        "categoria": {
            "nombre": "Electronica",
            "id": "Electronica"
        },
        "precio": 2385.60
    },
    {
        "id": "66",
        "titulo": "Bocina Select Sound BT220",
        "imagen": "https://http2.mlstatic.com/D_NQ_NP_2X_956212-MLA41363099629_042020-F.webp",
        "categoria": {
            "nombre": "Electronica",
            "id": "Electronica"
        },
        "precio": 850.00
    },
    {
        "id": "67",
        "titulo": "Smart TV JVC",
        "imagen": "https://officemax.vteximg.com.br/arquivos/ids/1361739-720-720/116485_1.jpg?v=638158915740130000",
        "categoria": {
            "nombre": "Electronica",
            "id": "Electronica"
        },
        "precio": 5000.00
    },
    {
        "id": "68",
        "titulo": "Google Chromecast 3ª generación",
        "imagen": "https://http2.mlstatic.com/D_NQ_NP_2X_909937-MLA32790540204_112019-F.webp",
        "categoria": {
            "nombre": "Electronica",
            "id": "Electronica"
        },
        "precio": 1080.00
    },
    {
        "id": "69",
        "titulo": "Pantalla Onn 24",
        "imagen": "https://http2.mlstatic.com/D_NQ_NP_2X_999758-MLM54916313103_042023-F.webp",
        "categoria": {
            "nombre": "Electronica",
            "id": "Electronica"
        },
        "precio": 3958.80
    },
    {
        "id": "70",
        "titulo": "Televisor Tcl",
        "imagen": "https://http2.mlstatic.com/D_NQ_NP_2X_861459-MLM51638431765_092022-F.webp",
        "categoria": {
            "nombre": "Electronica",
            "id": "Electronica"
        },
        "precio": 9500.00
    },
    {
        "id": "71",
        "titulo": "Xiaomi Redmi Note 11E",
        "imagen": "https://http2.mlstatic.com/D_NQ_NP_2X_918835-MLA54127214845_032023-F.webp",
        "categoria": {
            "nombre": "Electronica",
            "id": "Electronica"
        },
        "precio": 6097.20
    },
    {
        "id": "72",
        "titulo": "Lavadora Semiautomática De Doble Tina",
        "imagen": "https://http2.mlstatic.com/D_NQ_NP_2X_918340-MLA43122777618_082020-F.webp",
        "categoria": {
            "nombre": "Electronica",
            "id": "Electronica"
        },
        "precio": 9000.00
    },
    {
        "id": "73",
        "titulo": "Cpu Dell Optiplex Intel Core I3",
        "imagen": "https://http2.mlstatic.com/D_NQ_NP_2X_979575-MLM52238962186_112022-F.webp",
        "categoria": {
            "nombre": "Electronica",
            "id": "Electronica"
        },
        "precio": 4320.00
    },
    {
        "id": "74",
        "titulo": "Bocina Tronsmart Trip",
        "imagen": "https://http2.mlstatic.com/D_NQ_NP_2X_659854-MLM50184337470_062022-F.webp",
        "categoria": {
            "nombre": "Electronica",
            "id": "Electronica"
        },
        "precio": 650.00
    },
    {
        "id": "75",
        "titulo": "Bocina Select Sound Hero",
        "imagen": "https://http2.mlstatic.com/D_NQ_NP_2X_762449-MLA41257809614_032020-F.webp",
        "categoria": {
            "nombre": "Electronica",
            "id": "Electronica"
        },
        "precio": 700.00
    },
    {
        "id": "76",
        "titulo": "Ratón Mouse Silencioso",
        "imagen": "https://http2.mlstatic.com/D_NQ_NP_2X_948929-MLM50619764014_072022-F.webp",
        "categoria": {
            "nombre": "Electronica",
            "id": "Electronica"
        },
        "precio": 146.40
    },
    {
        "id": "17",
        "titulo": "Teclado Ele-Gate",
        "imagen": "https://http2.mlstatic.com/D_NQ_NP_2X_785312-MLA43703873397_102020-F.webp",
        "categoria": {
            "nombre": "Electronica",
            "id": "Electronica"
        },
        "precio": 300.00
    },
    {
        "id": "78",
        "titulo": "Audífonos Inalámbricos Lenovo",
        "imagen": "https://http2.mlstatic.com/D_NQ_NP_2X_766219-MLA53988745883_022023-F.webp",
        "categoria": {
            "nombre": "Electronica",
            "id": "Electronica"
        },
        "precio": 188.40
    },
    {
        "id": "79",
        "titulo": "Oneodio Pro10",
        "imagen": "https://http2.mlstatic.com/D_NQ_NP_2X_795272-CBT50328584028_062022-F.webp",
        "categoria": {
            "nombre": "Electronica",
            "id": "Electronica"
        },
        "precio": 775.20
    },
    {
        "id": "80",
        "titulo": "Impresora Láser Hp",
        "imagen": "https://http2.mlstatic.com/D_NQ_NP_2X_706687-MLM49277642917_032022-F.webp",
        "categoria": {
            "nombre": "Electronica",
            "id": "Electronica"
        },
        "precio": 3238.80
    },
    {
        "id": "81",
        "titulo": "Sillon Silla Barbero",
        "imagen": "https://http2.mlstatic.com/D_NQ_NP_2X_654026-MLM52111644408_102022-F.webp",
        "categoria": {
            "nombre": "Muebles",
            "id": "Muebles"
        },
        "precio": 8000.00
    },
    {
        "id": "82",
        "titulo": "Mesa En Isla",
        "imagen": "https://http2.mlstatic.com/D_NQ_NP_2X_899412-MLM50159567840_062022-F.webp",
        "categoria": {
            "nombre": "Muebles",
            "id": "Muebles"
        },
        "precio": 2806.92
    },
    {
        "id": "83",
        "titulo": "Anaquel Estante Metálico",
        "imagen": "https://http2.mlstatic.com/D_NQ_NP_2X_834702-MLM49972115844_052022-F.webp",
        "categoria": {
            "nombre": "Muebles",
            "id": "Muebles"
        },
        "precio": 4000.00
    },
    {
        "id": "84",
        "titulo": "Silla Plegable de Plástico",
        "imagen": "https://http2.mlstatic.com/D_NQ_NP_982180-MLM44857810334_022021-F.jpg",
        "categoria": {
            "nombre": "Muebles",
            "id": "Muebles"
        },
        "precio": 2274.00
    },
    {
        "id": "85",
        "titulo": "Silla Eames Terciopelo",
        "imagen": "https://i.linio.com/p/49e8a8a3b2f393311eb0c0fba4d7739b-product.webp",
        "categoria": {
            "nombre": "Muebles",
            "id": "Muebles"
        },
        "precio": 1078.80
    },
    {
        "id": "86",
        "titulo": "Carrito Organizador",
        "imagen": "https://i.linio.com/p/9af4650a6ca21c920d4072cb57c136a7-product.webp",
        "categoria": {
            "nombre": "Muebles",
            "id": "Muebles"
        },
        "precio": 1678.80
    },
    {
        "id": "87",
        "titulo": "Sillon Barbero",
        "imagen": "https://http2.mlstatic.com/D_NQ_NP_2X_673064-MLM48873188946_012022-F.webp",
        "categoria": {
            "nombre": "Muebles",
            "id": "Muebles"
        },
        "precio": 1500.00
    },
    {
        "id": "88",
        "titulo": "Set De 4 Sillas Eames",
        "imagen": "https://http2.mlstatic.com/D_NQ_NP_2X_671944-MLM54925039809_042023-F.webp",
        "categoria": {
            "nombre": "Muebles",
            "id": "Muebles"
        },
        "precio": 1738.80
    },
    {
        "id": "89",
        "titulo": "Mueble Para Estetica",
        "imagen": "https://http2.mlstatic.com/D_NQ_NP_2X_724767-MLM49324521089_032022-F.webp",
        "categoria": {
            "nombre": "Muebles",
            "id": "Muebles"
        },
        "precio": 1198.80
    },
    {
        "id": "90",
        "titulo": "Pack 5 Sillas Plegables Lifetime",
        "imagen": "https://http2.mlstatic.com/D_NQ_NP_2X_627813-MLM54968545450_042023-F.webp",
        "categoria": {
            "nombre": "Muebles",
            "id": "Muebles"
        },
        "precio": 4072.80
    },
    {
        "id": "91",
        "titulo": "Banco Adaptador Para Niños",
        "imagen": "https://http2.mlstatic.com/D_NQ_NP_2X_709084-MLM46986979336_082021-F.webp",
        "categoria": {
            "nombre": "Muebles",
            "id": "Muebles"
        },
        "precio": 696.00
    },
    {
        "id": "92",
        "titulo": "Lavamanos Portátil",
        "imagen": "https://http2.mlstatic.com/D_NQ_NP_2X_812467-MLM52731930524_122022-F.webp",
        "categoria": {
            "nombre": "Muebles",
            "id": "Muebles"
        },
        "precio": 8000.00
    },
    {
        "id": "93",
        "titulo": "Resel Set Sombrilla",
        "imagen": "https://http2.mlstatic.com/D_NQ_NP_2X_727821-MLM54783648026_032023-F.webp",
        "categoria": {
            "nombre": "Muebles",
            "id": "Muebles"
        },
        "precio": 2398.80
    },
    {
        "id": "94",
        "titulo": "Lavabo Portatil Cabello",
        "imagen": "https://http2.mlstatic.com/D_NQ_NP_2X_829087-MLM31935855638_082019-F.webp",
        "categoria": {
            "nombre": "Muebles",
            "id": "Muebles"
        },
        "precio": 513.60
    },
    {
        "id": "95",
        "titulo": "Maniqui Torso",
        "imagen": "https://http2.mlstatic.com/D_NQ_NP_2X_934407-MLM53813240416_022023-F.webp",
        "categoria": {
            "nombre": "Muebles",
            "id": "Muebles"
        },
        "precio": 1860.00
    },
    {
        "id": "96",
        "titulo": "Maniqui Exhibidor",
        "imagen": "https://http2.mlstatic.com/D_NQ_NP_2X_611488-MLM50974522121_082022-F.webp",
        "categoria": {
            "nombre": "Muebles",
            "id": "Muebles"
        },
        "precio": 156.00
    },
    {
        "id": "97",
        "titulo": "Vitrina Mostrador",
        "imagen": "https://http2.mlstatic.com/D_NQ_NP_2X_669380-MLM43787045771_102020-F.webp",
        "categoria": {
            "nombre": "Muebles",
            "id": "Muebles"
        },
        "precio": 9000.00
    },
    {
        "id": "98",
        "titulo": "Banco Resistente",
        "imagen": "https://http2.mlstatic.com/D_NQ_NP_2X_858220-MLM53498313156_012023-F.webp",
        "categoria": {
            "nombre": "Muebles",
            "id": "Muebles"
        },
        "precio": 1200.00
    },
    {
        "id": "99",
        "titulo": "Locker Metalico 5 Puerta",
        "imagen": "https://http2.mlstatic.com/D_NQ_NP_2X_703138-MLM53369297106_012023-F.webp",
        "categoria": {
            "nombre": "Muebles",
            "id": "Muebles"
        },
        "precio": 3000.00
    },
    {
        "id": "100",
        "titulo": "Escritorio L Escuadra",
        "imagen": "https://http2.mlstatic.com/D_NQ_NP_2X_778382-MLM47900602423_102021-F.webp",
        "categoria": {
            "nombre": "Muebles",
            "id": "Muebles"
        },
        "precio": 3800.00
    }
]